<?xml version="1.0" encoding="UTF-8"?>
<componente nome="ComponentePDB">
<tabela nome="pdb">
   <coluna numero="2">
       <nome>estrutura</nome>
       <formato>VARCHAR(32) NOT NULL</formato>
   </coluna>
   <coluna numero="3">
       <nome>descricao</nome>
       <formato>VARCHAR(512)</formato>
   </coluna>
   <coluna numero="4">
       <nome>link</nome>
       <formato>VARCHAR(512)</formato>
   </coluna>
   <coluna numero="5">
       <nome>doi</nome>
       <formato>VARCHAR(128)</formato>
   </coluna>
   <coluna numero="6">
       <nome>classificacao</nome>
       <formato>VARCHAR(512)</formato>
   </coluna>
   <coluna numero="7">
       <nome>depositado</nome>
       <formato>date</formato>
   </coluna>
   <coluna numero="8">
       <nome>lancado</nome>
       <formato>date</formato>
   </coluna>
   <coluna numero="9">
       <nome>organismo</nome>
       <formato>VARCHAR(512)</formato>
   </coluna>
   <coluna numero="10">
       <nome>expressao</nome>
       <formato>VARCHAR(512)</formato>
   </coluna>
   <coluna numero="11">
       <nome>metodo</nome>
       <formato>VARCHAR(255)</formato>
   </coluna>
   <coluna numero="12">
       <nome>resolucao</nome>
       <formato>VARCHAR(16)</formato>
   </coluna>
   <coluna numero="13">
       <nome>artigoorigem</nome>
       <formato>text</formato>
   </coluna>
   <coluna numero="14">
       <nome>artigoautores</nome>
       <formato>text</formato>
   </coluna>
   <coluna numero="15">
       <nome>macromolecula</nome>
       <formato>text</formato>
   </coluna>
   <coluna numero="16">
       <nome>ligantes</nome>
       <formato>text</formato>
   </coluna>
   <coluna numero="17">
       <nome>tabelaligantes</nome>
       <formato>text</formato>
   </coluna>
</tabela>
</componente>
